{"id": "2bpz-gwpy", "name": "2016 Building Energy Benchmarking", "assetType": "dataset", "attribution": "City of Seattle", "attributionLink": "https://www.seattle.gov/energybenchmarking", "averageRating": 0, "createdAt": 1521070051, "description": "Seattle\u2019s Building Energy Benchmarking and Reporting Program (SMC 22.920) requires owners of non-residential and multifamily buildings (20,000 square feet or larger) to track energy performance and annually report to the City of Seattle. Buildings account for 33% of Seattle's core emissions. The benchmarking policy supports Seattle's goals to reduce energy use and greenhouse gas emissions from existing buildings. In 2013, the City of Seattle adopted a Climate Action Plan to achieve zero net greenhouse gas (GHG) emissions by 2050. Annual benchmarking, reporting and disclosing of building performance are foundational elements of creating more market value for energy efficiency.\nPer Ordinance (125000), starting with 2015 energy use performance reporting, the City of Seattle will make the data for all building 20,000 SF and larger available annually. This update to the benchmarking mandate was passed by Seattle City Council on February 29, 2016.\n\nIf you have questions or comments on the data, email us at energybenchmarking@seattle.gov and include Open Data in the subject line.", "displayType": "table", "downloadCount": 2301, "hideFromCatalog": false, "hideFromDataJson": false, "indexUpdatedAt": 1521490072, "licenseId": "PUBLIC_DOMAIN", "newBackend": true, "numberOfComments": 0, "oid": 28218043, "provenance": "official", "publicationAppendEnabled": false, "publicationDate": 1521071079, "publicationGroup": 14936543, "publicationStage": "published", "rowIdentifierColumnId": 349768636, "rowsUpdatedAt": 1521071078, "rowsUpdatedBy": "9yyf-ecsx", "tableId": 14936543, "totalTimesRated": 0, "viewCount": 2896, "viewLastModified": 1557954938, "viewType": "tabular", "approvals": [{"reviewedAt": 1521071079, "reviewedAutomatically": true, "state": "approved", "submissionId": 331104, "submissionObject": "public_audience_request", "submissionOutcome": "change_audience", "submittedAt": 1521071079, "workflowId": 623, "submissionDetails": {"permissionType": "READ"}, "submissionOutcomeApplication": {"failureCount": 0, "status": "success"}, "submitter": {"id": "9yyf-ecsx", "displayName": "Sullivan, Terry"}}], "columns": [{"id": 349768636, "name": "OSEBuildingID", "dataTypeName": "number", "description": "A unique identifier assigned to each property covered by the Seattle Benchmarking Ordinance for tracking and identification purposes.", "fieldName": "osebuildingid", "position": 1, "renderTypeName": "number", "tableColumnId": 62418341, "cachedContents": {"largest": "50226", "non_null": 3376, "average": "21208.99111374408", "null": 0, "top": [{"item": "50201", "count": 20}, {"item": "50204", "count": 19}, {"item": "50207", "count": 18}, {"item": "50208", "count": 17}, {"item": "50210", "count": 16}, {"item": "50212", "count": 15}, {"item": "50219", "count": 14}, {"item": "50220", "count": 13}, {"item": "50221", "count": 12}, {"item": "50222", "count": 11}, {"item": "50223", "count": 10}, {"item": "50224", "count": 9}, {"item": "50225", "count": 8}, {"item": "50226", "count": 7}], "smallest": "1", "sum": "71601554"}, "format": {"groupSeparator": ""}}, {"id": 349768619, "name": "DataYear", "dataTypeName": "number", "description": "Calendar year (January-December) represented by each data record.", "fieldName": "datayear", "position": 2, "renderTypeName": "number", "tableColumnId": 62418324, "width": 100, "cachedContents": {"largest": "2016", "non_null": 3376, "average": "2016", "null": 0, "top": [{"item": "2016", "count": 20}], "smallest": "2016", "sum": "6806016"}, "format": {"precisionStyle": "standard", "noCommas": "true", "align": "right"}}, {"id": 349768631, "name": "BuildingType", "dataTypeName": "text", "description": "City of Seattle building type classification.", "fieldName": "buildingtype", "position": 3, "renderTypeName": "text", "tableColumnId": 62418336, "cachedContents": {"largest": "SPS-District K-12", "non_null": 3376, "null": 0, "top": [{"item": "NonResidential", "count": 20}, {"item": "Nonresidential COS", "count": 19}, {"item": "Multifamily MR (5-9)", "count": 18}, {"item": "SPS-District K-12", "count": 17}, {"item": "Campus", "count": 16}, {"item": "Multifamily LR (1-4)", "count": 15}, {"item": "Multifamily HR (10+)", "count": 14}, {"item": "Nonresidential WA", "count": 13}], "smallest": "Campus"}, "format": {}}, {"id": 349768622, "name": "PrimaryPropertyType", "dataTypeName": "text", "description": "The primary use of a property (e.g. office, retail store). Primary use is defined as a function that accounts for more than 50% of a property. This is the Property Type - EPA Calculated field from Portfolio Manager.", "fieldName": "primarypropertytype", "position": 4, "renderTypeName": "text", "tableColumnId": 62418327, "cachedContents": {"largest": "Worship Facility", "non_null": 3376, "null": 0, "top": [{"item": "Hotel", "count": 20}, {"item": "Other", "count": 19}, {"item": "Mid-Rise Multifamily", "count": 18}, {"item": "Mixed Use Property", "count": 17}, {"item": "K-12 School", "count": 16}, {"item": "University", "count": 15}, {"item": "Small- and Mid-Sized Office", "count": 14}, {"item": "Self-Storage Facility", "count": 13}, {"item": "Warehouse", "count": 12}, {"item": "Large Office", "count": 11}, {"item": "Senior Care Community", "count": 10}, {"item": "Medical Office", "count": 9}, {"item": "Retail Store", "count": 8}, {"item": "Hospital", "count": 7}, {"item": "Residence Hall", "count": 6}, {"item": "Distribution Center", "count": 5}, {"item": "Worship Facility", "count": 4}, {"item": "Low-Rise Multifamily", "count": 3}, {"item": "Supermarket / Grocery Store", "count": 2}, {"item": "Laboratory", "count": 1}], "smallest": "Distribution Center"}, "format": {}}, {"id": 349768617, "name": "PropertyName", "dataTypeName": "text", "description": "Official or common property name as entered in EPA\u2019s Portfolio Manager.", "fieldName": "propertyname", "position": 5, "renderTypeName": "text", "tableColumnId": 62418322, "cachedContents": {"largest": "Zindorf Apartments", "non_null": 3376, "null": 0, "top": [{"item": "Fire Station 35 (New)", "count": 20}, {"item": "Fire Station 39 (New)", "count": 19}, {"item": "Ballard Community Center", "count": 18}, {"item": "Ballard Pool", "count": 17}, {"item": "Central West HQ / Brown Bear", "count": 16}, {"item": "Conservatory Campus", "count": 15}, {"item": "Garfield Community Center", "count": 14}, {"item": "Genesee/SC SE HQ", "count": 13}, {"item": "High Point Community Center", "count": 12}, {"item": "Horticulture building", "count": 11}, {"item": "International district/Chinatown CC", "count": 10}, {"item": "Queen Anne Pool", "count": 9}, {"item": "South Park Community Center", "count": 8}, {"item": "Van Asselt Community Center", "count": 7}], "smallest": "(71367A) SEATTLE Macy's"}, "format": {}}, {"id": 349768592, "name": "Address", "dataTypeName": "text", "description": "Property street address", "fieldName": "address", "position": 6, "renderTypeName": "text", "tableColumnId": 62418297, "cachedContents": {"largest": "Readiness Center - Pier 91", "non_null": 3376, "null": 0, "top": [{"item": "8729 15th Ave NW", "count": 20}, {"item": "2806 NE 127th St", "count": 19}, {"item": "6020 28th ave NW", "count": 18}, {"item": "1471 NW 67th St", "count": 17}, {"item": "1403 w howe", "count": 16}, {"item": "1400 E Galer St", "count": 15}, {"item": "2323 East Cherry St", "count": 14}, {"item": "4420 S Genesee", "count": 13}, {"item": "6920 34th Ave SW", "count": 12}, {"item": "1600 S Dakota St", "count": 11}, {"item": "719 8th Ave S", "count": 10}, {"item": "1920 1st Ave W", "count": 9}, {"item": "8319 8th Ave S", "count": 8}, {"item": "2820 S Myrtle St", "count": 7}], "smallest": "(ID23682) 3204 SW MORGAN ST"}, "format": {}}, {"id": 349768594, "name": "City", "dataTypeName": "text", "description": "Property city", "fieldName": "city", "position": 7, "renderTypeName": "text", "tableColumnId": 62418299, "cachedContents": {"largest": "Seattle", "non_null": 3376, "null": 0, "top": [{"item": "Seattle", "count": 20}], "smallest": "Seattle"}, "format": {}}, {"id": 349768593, "name": "State", "dataTypeName": "text", "description": "Property state", "fieldName": "state", "position": 8, "renderTypeName": "text", "tableColumnId": 62418298, "cachedContents": {"largest": "WA", "non_null": 3376, "null": 0, "top": [{"item": "WA", "count": 20}], "smallest": "WA"}, "format": {}}, {"id": 349768610, "name": "ZipCode", "dataTypeName": "number", "description": "Property zip", "fieldName": "zipcode", "position": 9, "renderTypeName": "number", "tableColumnId": 62418315, "width": 100, "cachedContents": {"largest": "98272", "non_null": 3360, "average": "98116.94910714286", "null": 16, "top": [{"item": "98101", "count": 20}, {"item": "98121", "count": 19}, {"item": "98104", "count": 18}, {"item": "98118", "count": 17}, {"item": "98105", "count": 16}, {"item": "98112", "count": 15}, {"item": "98125", "count": 14}, {"item": "98109", "count": 13}, {"item": "98108", "count": 12}, {"item": "98199", "count": 11}, {"item": "98115", "count": 10}, {"item": "98107", "count": 9}, {"item": "98144", "count": 8}, {"item": "98103", "count": 7}, {"item": "98119", "count": 6}, {"item": "98136", "count": 5}, {"item": "98122", "count": 4}, {"item": "98126", "count": 3}, {"item": "98133", "count": 2}, {"item": "98106", "count": 1}], "smallest": "98006", "sum": "329672949"}, "format": {"precisionStyle": "standard", "noCommas": "true", "align": "right"}}, {"id": 349768606, "name": "TaxParcelIdentificationNumber", "dataTypeName": "text", "description": "Property King County PIN ", "fieldName": "taxparcelidentificationnumber", "position": 10, "renderTypeName": "text", "tableColumnId": 62418311, "cachedContents": {"largest": "9835200050", "non_null": 3376, "null": 0, "top": [{"item": "1625049001", "count": 20}, {"item": "6392001040", "count": 19}, {"item": "2824049007", "count": 18}, {"item": "1980200256", "count": 17}, {"item": "2524039059", "count": 16}, {"item": "1624049080", "count": 15}, {"item": "3558300000", "count": 14}, {"item": "1794501150", "count": 13}, {"item": "7883603155", "count": 12}, {"item": "7857002030", "count": 11}], "smallest": "0000000000"}, "format": {}}, {"id": 349768629, "name": "CouncilDistrictCode", "dataTypeName": "number", "description": "Property City of Seattle council district.", "fieldName": "councildistrictcode", "position": 11, "renderTypeName": "number", "tableColumnId": 62418334, "cachedContents": {"largest": "7", "non_null": 3376, "average": "4.439277251184834", "null": 0, "top": [{"item": "7", "count": 20}, {"item": "3", "count": 19}, {"item": "2", "count": 18}, {"item": "4", "count": 17}, {"item": "5", "count": 16}, {"item": "6", "count": 15}, {"item": "1", "count": 14}], "smallest": "1", "sum": "14987"}, "format": {}}, {"id": 349768627, "name": "Neighborhood", "dataTypeName": "text", "description": "Property neighborhood area defined by the City of Seattle Department of Neighborhoods.", "fieldName": "neighborhood", "position": 12, "renderTypeName": "text", "tableColumnId": 62418332, "cachedContents": {"largest": "SOUTHWEST", "non_null": 3376, "null": 0, "top": [{"item": "DOWNTOWN", "count": 20}, {"item": "SOUTHEAST", "count": 19}, {"item": "NORTHEAST", "count": 18}, {"item": "EAST", "count": 17}, {"item": "Central", "count": 16}, {"item": "NORTH", "count": 15}, {"item": "MAGNOLIA / QUEEN ANNE", "count": 14}, {"item": "LAKE UNION", "count": 13}, {"item": "GREATER DUWAMISH", "count": 12}, {"item": "BALLARD", "count": 11}, {"item": "NORTHWEST", "count": 10}, {"item": "CENTRAL", "count": 9}, {"item": "SOUTHWEST", "count": 8}, {"item": "DELRIDGE", "count": 7}, {"item": "Ballard", "count": 6}, {"item": "North", "count": 5}, {"item": "Delridge", "count": 4}, {"item": "Northwest", "count": 3}, {"item": "DELRIDGE NEIGHBORHOODS", "count": 2}], "smallest": "Ballard"}, "format": {}}, {"id": 349768591, "name": "Latitude", "dataTypeName": "number", "description": "Property latitude.", "fieldName": "latitude", "position": 13, "renderTypeName": "number", "tableColumnId": 62418296, "cachedContents": {"largest": "47.73387", "non_null": 3376, "average": "47.62403312098934", "null": 0, "top": [{"item": "47.6933", "count": 20}, {"item": "47.72126", "count": 19}, {"item": "47.67295", "count": 18}, {"item": "47.67734", "count": 17}, {"item": "47.63572", "count": 16}, {"item": "47.63228", "count": 15}, {"item": "47.60775", "count": 14}, {"item": "47.5644", "count": 13}, {"item": "47.54067", "count": 12}, {"item": "47.56722", "count": 11}, {"item": "47.59625", "count": 10}, {"item": "47.63644", "count": 9}, {"item": "47.52832", "count": 8}, {"item": "47.53939", "count": 7}], "smallest": "47.49917", "sum": "160778.73581646"}, "format": {}}, {"id": 349768598, "name": "Longitude", "dataTypeName": "number", "description": "Property longitude.", "fieldName": "longitude", "position": 14, "renderTypeName": "number", "tableColumnId": 62418303, "cachedContents": {"largest": "-122.2209659", "non_null": 3376, "average": "-122.3347951978081", "null": 0, "top": [{"item": "-122.37717", "count": 20}, {"item": "-122.29735", "count": 19}, {"item": "-122.39228", "count": 18}, {"item": "-122.37624", "count": 17}, {"item": "-122.37525", "count": 16}, {"item": "-122.31574", "count": 15}, {"item": "-122.30225", "count": 14}, {"item": "-122.27813", "count": 13}, {"item": "-122.37441", "count": 12}, {"item": "-122.31154", "count": 11}, {"item": "-122.32283", "count": 10}, {"item": "-122.35784", "count": 9}, {"item": "-122.32431", "count": 8}, {"item": "-122.29536", "count": 7}], "smallest": "-122.41425", "sum": "-413002.2685878"}, "format": {}}, {"id": 349768623, "name": "YearBuilt", "dataTypeName": "number", "description": "Year in which a property was constructed or underwent a complete renovation.", "fieldName": "yearbuilt", "position": 15, "renderTypeName": "number", "tableColumnId": 62418328, "width": 100, "cachedContents": {"largest": "2015", "non_null": 3376, "average": "1968.573163507109", "null": 0, "top": [{"item": "1900", "count": 20}, {"item": "1989", "count": 19}, {"item": "1910", "count": 18}, {"item": "1969", "count": 17}, {"item": "2002", "count": 16}, {"item": "2006", "count": 15}, {"item": "1968", "count": 14}, {"item": "2000", "count": 13}, {"item": "1982", "count": 12}, {"item": "2008", "count": 11}, {"item": "1970", "count": 10}, {"item": "1960", "count": 9}, {"item": "2012", "count": 8}, {"item": "2011", "count": 7}, {"item": "2010", "count": 6}, {"item": "2013", "count": 5}, {"item": "2014", "count": 4}, {"item": "2015", "count": 3}, {"item": "1981", "count": 2}, {"item": "1912", "count": 1}], "smallest": "1900", "sum": "6645903"}, "format": {"precisionStyle": "standard", "noCommas": "true", "align": "right"}}, {"id": 349768607, "name": "NumberofBuildings", "dataTypeName": "number", "description": "Number of buildings included in the property's report. In cases where a property is reporting as a campus, multiple buildings may be included in one report.", "fieldName": "numberofbuildings", "position": 16, "renderTypeName": "number", "tableColumnId": 62418312, "cachedContents": {"largest": "111", "non_null": 3368, "average": "1.106888361045131", "null": 8, "top": [{"item": "1", "count": 20}, {"item": "3", "count": 19}, {"item": "0", "count": 18}, {"item": "2", "count": 17}, {"item": "4", "count": 16}, {"item": "27", "count": 15}, {"item": "6", "count": 14}, {"item": "11", "count": 13}, {"item": "14", "count": 12}, {"item": "9", "count": 11}, {"item": "5", "count": 10}, {"item": "7", "count": 9}, {"item": "8", "count": 8}, {"item": "16", "count": 7}, {"item": "23", "count": 6}, {"item": "10", "count": 5}, {"item": "111", "count": 4}], "smallest": "0", "sum": "3728"}, "format": {}}, {"id": 349768605, "name": "NumberofFloors", "dataTypeName": "number", "description": "Number of floors reported in Portfolio Manager", "fieldName": "numberoffloors", "position": 17, "renderTypeName": "number", "tableColumnId": 62418310, "cachedContents": {"largest": "99", "non_null": 3376, "average": "4.709123222748815", "null": 0, "top": [{"item": "12", "count": 20}, {"item": "11", "count": 19}, {"item": "10", "count": 18}, {"item": "18", "count": 17}, {"item": "2", "count": 16}, {"item": "8", "count": 15}, {"item": "15", "count": 14}, {"item": "6", "count": 13}, {"item": "25", "count": 12}, {"item": "9", "count": 11}, {"item": "33", "count": 10}, {"item": "5", "count": 9}, {"item": "19", "count": 8}, {"item": "7", "count": 7}, {"item": "1", "count": 6}, {"item": "3", "count": 5}, {"item": "4", "count": 4}, {"item": "24", "count": 3}, {"item": "20", "count": 2}, {"item": "16", "count": 1}], "smallest": "0", "sum": "15898"}, "format": {}}, {"id": 349768602, "name": "PropertyGFATotal", "dataTypeName": "number", "description": "Total building and parking gross floor area.", "fieldName": "propertygfatotal", "position": 18, "renderTypeName": "number", "tableColumnId": 62418307, "cachedContents": {"largest": "9320156", "non_null": 3376, "average": "94833.53732227488", "null": 0, "top": [{"item": "11968", "count": 20}, {"item": "11285", "count": 19}, {"item": "16795", "count": 18}, {"item": "12769", "count": 17}, {"item": "13661", "count": 16}, {"item": "23445", "count": 15}, {"item": "20050", "count": 14}, {"item": "15398", "count": 13}, {"item": "18261", "count": 12}, {"item": "12294", "count": 11}, {"item": "16000", "count": 10}, {"item": "13157", "count": 9}, {"item": "14101", "count": 8}, {"item": "18258", "count": 7}], "smallest": "11285", "sum": "320158022"}, "format": {}}, {"id": 349768616, "name": "PropertyGFAParking", "dataTypeName": "number", "description": "Total space in square feet of all types of parking (Fully Enclosed, Partially Enclosed, and Open).", "fieldName": "propertygfaparking", "position": 19, "renderTypeName": "number", "tableColumnId": 62418321, "cachedContents": {"largest": "512608", "non_null": 3376, "average": "8001.526066350711", "null": 0, "top": [{"item": "0", "count": 20}, {"item": "163260", "count": 19}, {"item": "75134", "count": 18}, {"item": "166208", "count": 17}, {"item": "11837", "count": 16}, {"item": "197659", "count": 15}, {"item": "41915", "count": 14}, {"item": "41539", "count": 13}, {"item": "4222", "count": 12}, {"item": "15062", "count": 11}, {"item": "29825", "count": 10}, {"item": "14383", "count": 9}, {"item": "90503", "count": 8}, {"item": "46280", "count": 7}, {"item": "12223", "count": 6}, {"item": "8254", "count": 5}, {"item": "52045", "count": 4}, {"item": "51739", "count": 3}, {"item": "2784", "count": 2}, {"item": "604", "count": 1}], "smallest": "0", "sum": "27013152"}, "format": {}}, {"id": 349768635, "name": "PropertyGFABuilding(s)", "dataTypeName": "number", "description": "Total floor space in square feet between the outside surfaces of a building\u2019s enclosing walls. This includes all areas inside the building(s), such as tenant space, common areas, stairwells, basements, storage, etc. ", "fieldName": "propertygfabuilding_s", "position": 20, "renderTypeName": "number", "tableColumnId": 62418340, "cachedContents": {"largest": "9320156", "non_null": 3376, "average": "86832.01125592417", "null": 0, "top": [{"item": "11968", "count": 20}, {"item": "11285", "count": 19}, {"item": "16795", "count": 18}, {"item": "12769", "count": 17}, {"item": "13661", "count": 16}, {"item": "23445", "count": 15}, {"item": "20050", "count": 14}, {"item": "15398", "count": 13}, {"item": "18261", "count": 12}, {"item": "12294", "count": 11}, {"item": "16000", "count": 10}, {"item": "13157", "count": 9}, {"item": "14101", "count": 8}, {"item": "18258", "count": 7}], "smallest": "3636", "sum": "293144870"}, "format": {}}, {"id": 349768595, "name": "ListOfAllPropertyUseTypes", "dataTypeName": "text", "description": "All property uses reported in Portfolio Manager", "fieldName": "listofallpropertyusetypes", "position": 21, "renderTypeName": "text", "tableColumnId": 62418300, "cachedContents": {"largest": "Worship Facility", "non_null": 3367, "null": 9, "top": [{"item": "Hotel", "count": 20}, {"item": "Other", "count": 19}, {"item": "K-12 School", "count": 18}, {"item": "Retail Store", "count": 17}, {"item": "Non-Refrigerated Warehouse", "count": 16}, {"item": "Office, Retail Store", "count": 15}, {"item": "Office", "count": 14}, {"item": "Office, Parking", "count": 13}, {"item": "Non-Refrigerated Warehouse, Office", "count": 12}, {"item": "Multifamily Housing", "count": 11}, {"item": "Multifamily Housing, Parking", "count": 10}, {"item": "Multifamily Housing, Office, Parking", "count": 9}, {"item": "Worship Facility", "count": 8}, {"item": "Multifamily Housing, Parking, Retail Store", "count": 7}, {"item": "Multifamily Housing, Retail Store", "count": 6}, {"item": "Supermarket/Grocery Store", "count": 5}, {"item": "Parking, Senior Care Community", "count": 4}, {"item": "Multifamily Housing, Parking, Restaurant", "count": 3}, {"item": "College/University", "count": 2}, {"item": "Parking, Residence Hall/Dormitory", "count": 1}], "smallest": "Adult Education"}, "format": {}}, {"id": 349768634, "name": "LargestPropertyUseType", "dataTypeName": "text", "description": "The largest use of a property (e.g. office, retail store) by GFA. ", "fieldName": "largestpropertyusetype", "position": 22, "renderTypeName": "text", "tableColumnId": 62418339, "cachedContents": {"largest": "Worship Facility", "non_null": 3367, "null": 9, "top": [{"item": "Hotel", "count": 20}, {"item": "Other - Entertainment/Public Assembly", "count": 19}, {"item": "Multifamily Housing", "count": 18}, {"item": "Other", "count": 17}, {"item": "K-12 School", "count": 16}, {"item": "College/University", "count": 15}, {"item": "Office", "count": 14}, {"item": "Self-Storage Facility", "count": 13}, {"item": "Non-Refrigerated Warehouse", "count": 12}, {"item": "Senior Care Community", "count": 11}, {"item": "Medical Office", "count": 10}, {"item": "Retail Store", "count": 9}, {"item": "Hospital (General Medical & Surgical)", "count": 8}, {"item": "Residence Hall/Dormitory", "count": 7}, {"item": "Distribution Center", "count": 6}, {"item": "Parking", "count": 5}, {"item": "Worship Facility", "count": 4}, {"item": "Laboratory", "count": 3}, {"item": "Supermarket/Grocery Store", "count": 2}, {"item": "Strip Mall", "count": 1}], "smallest": "Adult Education"}, "format": {}}, {"id": 349768612, "name": "LargestPropertyUseTypeGFA", "dataTypeName": "number", "description": "The gross floor area (GFA) of the largest use of the property.", "fieldName": "largestpropertyusetypegfa", "position": 23, "renderTypeName": "number", "tableColumnId": 62418317, "cachedContents": {"largest": "9320156", "non_null": 3356, "average": "79177.63855780691", "null": 20, "top": [{"item": "34643", "count": 20}, {"item": "91393", "count": 19}, {"item": "49359", "count": 18}, {"item": "145784", "count": 17}, {"item": "187477", "count": 16}, {"item": "115768", "count": 15}, {"item": "45728", "count": 14}, {"item": "99554", "count": 13}, {"item": "154913", "count": 12}, {"item": "49324", "count": 11}, {"item": "42014", "count": 10}, {"item": "25052", "count": 9}, {"item": "71241", "count": 8}, {"item": "325000", "count": 7}, {"item": "78359", "count": 6}, {"item": "151523", "count": 5}, {"item": "168221", "count": 4}, {"item": "17666", "count": 3}, {"item": "68916", "count": 2}, {"item": "9900", "count": 1}], "smallest": "5656", "sum": "265720155"}, "format": {}}, {"id": 349768630, "name": "SecondLargestPropertyUseType", "dataTypeName": "text", "description": "The second largest use of a property (e.g. office, retail store) by GFA. ", "fieldName": "secondlargestpropertyusetype", "position": 24, "renderTypeName": "text", "tableColumnId": 62418335, "cachedContents": {"largest": "Worship Facility", "non_null": 1690, "null": 1686, "top": [{"item": "Parking", "count": 20}, {"item": "Office", "count": 19}, {"item": "Restaurant", "count": 18}, {"item": "K-12 School", "count": 17}, {"item": "Laboratory", "count": 16}, {"item": "Non-Refrigerated Warehouse", "count": 15}, {"item": "Retail Store", "count": 14}, {"item": "Other - Entertainment/Public Assembly", "count": 13}, {"item": "Data Center", "count": 12}, {"item": "Swimming Pool", "count": 11}, {"item": "Other", "count": 10}, {"item": "Distribution Center", "count": 9}, {"item": "Other - Services", "count": 8}, {"item": "Supermarket/Grocery Store", "count": 7}, {"item": "Medical Office", "count": 6}, {"item": "Other - Recreation", "count": 5}, {"item": "Other - Restaurant/Bar", "count": 4}, {"item": "Multifamily Housing", "count": 3}, {"item": "Bank Branch", "count": 2}, {"item": "Food Service", "count": 1}], "smallest": "Adult Education"}, "format": {}}, {"id": 349768614, "name": "SecondLargestPropertyUseTypeGFA", "dataTypeName": "number", "description": "The gross floor area (GFA) of the second largest use of the property.", "fieldName": "secondlargestpropertyuse", "position": 25, "renderTypeName": "number", "tableColumnId": 62418319, "cachedContents": {"largest": "686750", "non_null": 1679, "average": "28444.07581708160", "null": 1697, "top": [{"item": "0", "count": 20}, {"item": "108036", "count": 19}, {"item": "70493", "count": 18}, {"item": "147597", "count": 17}, {"item": "27261", "count": 16}, {"item": "82608", "count": 15}, {"item": "10000", "count": 14}, {"item": "202178", "count": 13}, {"item": "52538", "count": 12}, {"item": "16425", "count": 11}, {"item": "20754", "count": 10}, {"item": "6340", "count": 9}, {"item": "41539", "count": 8}, {"item": "8266", "count": 7}, {"item": "29825", "count": 6}, {"item": "10664", "count": 5}, {"item": "64341", "count": 4}, {"item": "46280", "count": 3}, {"item": "12503", "count": 2}, {"item": "24000", "count": 1}], "smallest": "0", "sum": "47757603.296880"}, "format": {}}, {"id": 349768620, "name": "ThirdLargestPropertyUseType", "dataTypeName": "text", "description": "The third largest use of a property (e.g. office, retail store) by GFA. ", "fieldName": "thirdlargestpropertyusetype", "position": 26, "renderTypeName": "text", "tableColumnId": 62418325, "cachedContents": {"largest": "Worship Facility", "non_null": 607, "null": 2769, "top": [{"item": "Restaurant", "count": 20}, {"item": "Swimming Pool", "count": 19}, {"item": "Data Center", "count": 18}, {"item": "Office", "count": 17}, {"item": "Retail Store", "count": 16}, {"item": "Other - Entertainment/Public Assembly", "count": 15}, {"item": "Non-Refrigerated Warehouse", "count": 14}, {"item": "Other", "count": 13}, {"item": "Distribution Center", "count": 12}, {"item": "Food Service", "count": 11}, {"item": "Other - Services", "count": 10}, {"item": "Medical Office", "count": 9}, {"item": "Parking", "count": 8}, {"item": "Other - Lodging/Residential", "count": 7}, {"item": "K-12 School", "count": 6}, {"item": "Fitness Center/Health Club/Gym", "count": 5}, {"item": "Social/Meeting Hall", "count": 4}, {"item": "Pre-school/Daycare", "count": 3}, {"item": "Financial Office", "count": 2}, {"item": "Other - Restaurant/Bar", "count": 1}], "smallest": "Bank Branch"}, "format": {}}, {"id": 349768625, "name": "ThirdLargestPropertyUseTypeGFA", "dataTypeName": "number", "description": "The gross floor area (GFA) of the third largest use of the property.", "fieldName": "thirdlargestpropertyusetypegfa", "position": 27, "renderTypeName": "number", "tableColumnId": 62418330, "cachedContents": {"largest": "459748", "non_null": 596, "average": "11738.67516557718", "null": 2780, "top": [{"item": "0", "count": 20}, {"item": "6000", "count": 19}, {"item": "2110", "count": 18}, {"item": "1144", "count": 17}, {"item": "23794", "count": 16}, {"item": "10000", "count": 15}, {"item": "4027", "count": 14}, {"item": "9309", "count": 13}, {"item": "586", "count": 12}, {"item": "12899", "count": 11}, {"item": "16103", "count": 10}, {"item": "837", "count": 9}, {"item": "24879", "count": 8}, {"item": "5160", "count": 7}, {"item": "1087", "count": 6}, {"item": "9000", "count": 5}, {"item": "6313.200195", "count": 4}, {"item": "35180", "count": 3}, {"item": "1714", "count": 2}, {"item": "9733", "count": 1}], "smallest": "0", "sum": "6996250.398684"}, "format": {}}, {"id": 349768600, "name": "YearsENERGYSTARCertified", "dataTypeName": "number", "description": "Years the property has received ENERGY STAR certification.", "fieldName": "yearsenergystarcertified", "position": 28, "renderTypeName": "number", "tableColumnId": 62418305, "cachedContents": {"largest": "201620152014201320122011201020092008200720062005200320022000", "non_null": 119, "average": "1694287008658847000000000000000000000000000000000000000000", "null": 3257, "top": [{"item": "2016", "count": 20}, {"item": "20172015", "count": 19}, {"item": "20162015", "count": 18}, {"item": "20092005", "count": 17}, {"item": "201720162012", "count": 16}, {"item": "20102008", "count": 15}, {"item": "2009", "count": 14}, {"item": "2017", "count": 13}, {"item": "201620142012201120082007", "count": 12}, {"item": "2017201520142013201120092008", "count": 11}, {"item": "2016201520142013201220102009", "count": 10}, {"item": "2016201120102009", "count": 9}, {"item": "2010", "count": 8}, {"item": "2016201520122009", "count": 7}, {"item": "20162012", "count": 6}, {"item": "20112009", "count": 5}, {"item": "2016201320122011201020092008", "count": 4}, {"item": "20162015201320122011201020092008", "count": 3}, {"item": "2014201320122008", "count": 2}, {"item": "201620152014201320122011201020092008200720062005200320022000", "count": 1}], "smallest": "2007", "sum": "201620154030402840266042007241008206827223642487064349639396"}, "format": {}}, {"id": 349768596, "name": "ENERGYSTARScore", "dataTypeName": "text", "description": "An EPA calculated 1-100 rating that assesses a property\u2019s overall energy performance, based on national data to control for differences among climate, building uses, and operations. A score of 50 represents the national median.", "fieldName": "energystarscore", "position": 29, "renderTypeName": "text", "tableColumnId": 62418301, "cachedContents": {"largest": "NULL", "non_null": 2541, "null": 835, "top": [{"item": "100", "count": 20}, {"item": "92", "count": 19}, {"item": "96", "count": 18}, {"item": "76", "count": 17}, {"item": "98", "count": 16}, {"item": "93", "count": 15}, {"item": "90", "count": 14}, {"item": "82", "count": 13}, {"item": "89", "count": 12}, {"item": "79", "count": 11}, {"item": "97", "count": 10}, {"item": "87", "count": 9}, {"item": "84", "count": 8}, {"item": "99", "count": 7}, {"item": "94", "count": 6}, {"item": "62", "count": 5}, {"item": "95", "count": 4}, {"item": "91", "count": 3}, {"item": "71", "count": 2}, {"item": "14", "count": 1}], "smallest": "1"}, "format": {}}, {"id": 349768609, "name": "SiteEUI(kBtu/sf)", "dataTypeName": "number", "description": "Site Energy Use Intensity (EUI) is a property's Site Energy Use divided by its gross floor area. Site Energy Use is the annual amount of all the energy consumed by the property on-site, as reported on utility bills. Site EUI is measured in thousands of British thermal units (kBtu) per square foot.", "fieldName": "siteeui_kbtu_sf", "position": 30, "renderTypeName": "number", "tableColumnId": 62418314, "cachedContents": {"largest": "834.4000244", "non_null": 3369, "average": "54.73211639909587", "null": 7, "top": [{"item": "55.79999924", "count": 20}, {"item": "51", "count": 19}, {"item": "69.09999847", "count": 18}, {"item": "59.40000153", "count": 17}, {"item": "438.2000122", "count": 16}, {"item": "63.09999847", "count": 15}], "smallest": "0", "sum": "184392.500148554"}, "format": {}}, {"id": 349768611, "name": "SiteEUIWN(kBtu/sf)", "dataTypeName": "number", "description": "Weather Normalized (WN) Site Energy Use Intensity (EUI) is a property's WN Site Energy divided by its gross floor area (in square feet). WN Site Energy is the Site Energy Use the property would have consumed during 30-year average weather conditions. WN Site EUI is measured in measured in thousands of British thermal units (kBtu) per square foot.", "fieldName": "siteeuiwn_kbtu_sf", "position": 31, "renderTypeName": "number", "tableColumnId": 62418316, "cachedContents": {"largest": "834.4000244", "non_null": 3370, "average": "57.03379822904896", "null": 6, "top": [{"item": "0", "count": 20}, {"item": "56.20000076", "count": 19}, {"item": "76.69999695", "count": 18}, {"item": "65.90000153", "count": 17}, {"item": "460.1000061", "count": 16}, {"item": "55.5", "count": 15}, {"item": "70.90000153", "count": 14}], "smallest": "0", "sum": "192203.900031895"}, "format": {}}, {"id": 349768633, "name": "SourceEUI(kBtu/sf)", "dataTypeName": "number", "description": "Source Energy Use Intensity (EUI) is a property's Source Energy Use divided by its gross floor area. Source Energy Use is the annual energy used to operate the property, including losses from generation, transmission, & distribution. Source EUI is measured in thousands of British thermal units (kBtu) per square foot.", "fieldName": "sourceeui_kbtu_sf", "position": 32, "renderTypeName": "number", "tableColumnId": 62418338, "cachedContents": {"largest": "2620", "non_null": 3367, "average": "134.2328482432703", "null": 9, "top": [{"item": "126", "count": 20}, {"item": "114.1999969", "count": 19}, {"item": "744.7999878", "count": 18}, {"item": "105.3000031", "count": 17}, {"item": "115.8000031", "count": 16}], "smallest": "0", "sum": "451962.000035091"}, "format": {}}, {"id": 349768599, "name": "SourceEUIWN(kBtu/sf)", "dataTypeName": "number", "description": "Weather Normalized (WN) Source Energy Use Intensity (EUI) is a property's WN Source Energy divided by its gross floor area. WN Source Energy is the Source Energy Use the property would have consumed during 30-year average weather conditions. WN Source EUI is measured in measured in thousands of British thermal units (kBtu) per square foot.", "fieldName": "sourceeuiwn_kbtu_sf", "position": 33, "renderTypeName": "number", "tableColumnId": 62418304, "cachedContents": {"largest": "2620", "non_null": 3367, "average": "137.7839322712382", "null": 9, "top": [{"item": "0", "count": 20}, {"item": "767.7999878", "count": 19}, {"item": "110.8000031", "count": 18}, {"item": "123.9000015", "count": 17}], "smallest": "-2.099999905", "sum": "463918.499957259"}, "format": {}}, {"id": 349768628, "name": "SiteEnergyUse(kBtu)", "dataTypeName": "number", "description": "The annual amount of energy consumed by the property from all sources of energy.", "fieldName": "siteenergyuse_kbtu", "position": 34, "renderTypeName": "number", "tableColumnId": 62418333, "cachedContents": {"largest": "873923712", "non_null": 3371, "average": "5403667.294533343", "null": 5, "top": [{"item": "5976246", "count": 20}, {"item": "1813404", "count": 19}, {"item": "387810", "count": 18}, {"item": "932082.125", "count": 17}, {"item": "849745.6875", "count": 16}, {"item": "950276.1875", "count": 15}, {"item": "5765898", "count": 14}, {"item": "719471.1875", "count": 13}, {"item": "1152896.25", "count": 12}], "smallest": "0", "sum": "18215762449.87190"}, "format": {}}, {"id": 349768603, "name": "SiteEnergyUseWN(kBtu)", "dataTypeName": "number", "description": "The annual amount of energy consumed by the property from all sources of energy, adjusted to what the property would have consumed during 30-year average weather conditions.", "fieldName": "siteenergyusewn_kbtu", "position": 35, "renderTypeName": "number", "tableColumnId": 62418308, "cachedContents": {"largest": "471613856", "non_null": 3370, "average": "5276725.714394531", "null": 6, "top": [{"item": "0", "count": 20}, {"item": "1025432.125", "count": 19}, {"item": "943003.1875", "count": 18}, {"item": "1053705.75", "count": 17}, {"item": "6053764.5", "count": 16}, {"item": "782841.3125", "count": 15}, {"item": "1293722.375", "count": 14}], "smallest": "0", "sum": "17782565657.50957"}, "format": {}}, {"id": 349768626, "name": "SteamUse(kBtu)", "dataTypeName": "number", "description": "The annual amount of district steam consumed by the property on-site, measured in thousands of British thermal units (kBtu).", "fieldName": "steamuse_kbtu", "position": 36, "renderTypeName": "number", "tableColumnId": 62418331, "cachedContents": {"largest": "134943456", "non_null": 3367, "average": "274595.8982093199", "null": 9, "top": [{"item": "0", "count": 20}, {"item": "4736800.5", "count": 19}, {"item": "19654762", "count": 18}, {"item": "166488.4063", "count": 17}, {"item": "8704596", "count": 16}, {"item": "2513519.25", "count": 15}, {"item": "31030194", "count": 14}, {"item": "18547858", "count": 13}, {"item": "13556219", "count": 12}, {"item": "73885472", "count": 11}, {"item": "84985240", "count": 10}], "smallest": "0", "sum": "924564389.27078"}, "format": {}}, {"id": 349768613, "name": "Electricity(kWh)", "dataTypeName": "number", "description": "The annual amount of electricity consumed by the property on-site, including electricity purchased from the grid and generated by onsite renewable systems, measured in kWh. ", "fieldName": "electricity_kwh", "position": 37, "renderTypeName": "number", "tableColumnId": 62418318, "cachedContents": {"largest": "192577488", "non_null": 3367, "average": "1086638.966570931", "null": 9, "top": [{"item": "153655", "count": 20}, {"item": "116221", "count": 19}, {"item": "525251.6875", "count": 18}, {"item": "102248", "count": 17}, {"item": "126774.3984", "count": 16}], "smallest": "-33826.80078", "sum": "3658713400.444323"}, "format": {}}, {"id": 349768624, "name": "Electricity(kBtu)", "dataTypeName": "number", "description": "The annual amount of electricity consumed by the property on-site, including electricity purchased from the grid and generated by onsite renewable systems, measured in thousands of British thermal units (kBtu).", "fieldName": "electricity_kbtu", "position": 38, "renderTypeName": "number", "tableColumnId": 62418329, "cachedContents": {"largest": "657074389", "non_null": 3367, "average": "3707612.161594298", "null": 9, "top": [{"item": "524270.86", "count": 20}, {"item": "396546.052", "count": 19}, {"item": "1792158.758", "count": 18}, {"item": "348870.176", "count": 17}, {"item": "432554.2475", "count": 16}], "smallest": "-115417", "sum": "12483530148.0880"}, "format": {}}, {"id": 349768621, "name": "NaturalGas(therms)", "dataTypeName": "number", "description": "The annual amount of utility-supplied natural gas consumed by the property, measured in therms.", "fieldName": "naturalgas_therms", "position": 39, "renderTypeName": "number", "tableColumnId": 62418326, "cachedContents": {"largest": "2979090", "non_null": 3367, "average": "13685.04537626651", "null": 9, "top": [{"item": "0", "count": 20}, {"item": "10241.59961", "count": 19}, {"item": "8144.509766", "count": 18}, {"item": "905.6702271", "count": 17}, {"item": "18862.86914", "count": 16}, {"item": "11994.46973", "count": 15}, {"item": "15102.08496", "count": 14}, {"item": "10787.31055", "count": 13}, {"item": "34628.17188", "count": 12}, {"item": "4317.340332", "count": 11}, {"item": "13093.95996", "count": 10}, {"item": "8337.259766", "count": 9}, {"item": "76529.03125", "count": 8}, {"item": "157273.0781", "count": 7}, {"item": "15634.12988", "count": 6}, {"item": "2899.209961", "count": 5}, {"item": "5037.649902", "count": 4}, {"item": "3801.799805", "count": 3}, {"item": "2138.700195", "count": 2}, {"item": "3944.819824", "count": 1}], "smallest": "0", "sum": "46077547.781889336"}, "format": {}}, {"id": 349768608, "name": "NaturalGas(kBtu)", "dataTypeName": "number", "description": "The annual amount of utility-supplied natural gas consumed by the property, measured in thousands of British thermal units (kBtu).", "fieldName": "naturalgas_kbtu", "position": 40, "renderTypeName": "number", "tableColumnId": 62418313, "cachedContents": {"largest": "297909000", "non_null": 3367, "average": "1368504.541442768", "null": 9, "top": [{"item": "0", "count": 20}, {"item": "1024160", "count": 19}, {"item": "814451", "count": 18}, {"item": "90567", "count": 17}, {"item": "1886287", "count": 16}, {"item": "1199447", "count": 15}, {"item": "1510208", "count": 14}, {"item": "1078731", "count": 13}, {"item": "3462817", "count": 12}, {"item": "431734", "count": 11}, {"item": "1309396", "count": 10}, {"item": "833726", "count": 9}, {"item": "7652903", "count": 8}, {"item": "15727308", "count": 7}, {"item": "1563413", "count": 6}, {"item": "289921", "count": 5}, {"item": "503764.9902", "count": 4}, {"item": "380179.9805", "count": 3}, {"item": "213870.0195", "count": 2}, {"item": "394481.9824", "count": 1}], "smallest": "0", "sum": "4607754791.0378"}, "format": {}}, {"id": 349768615, "name": "DefaultData", "dataTypeName": "checkbox", "description": "The property used default data for at least one property characteristic.", "fieldName": "defaultdata", "position": 41, "renderTypeName": "checkbox", "tableColumnId": 62418320, "cachedContents": {"largest": true, "non_null": 3376, "null": 0, "top": [{"item": false, "count": 20}, {"item": true, "count": 19}], "smallest": false}, "format": {}}, {"id": 349768597, "name": "Comments", "dataTypeName": "text", "description": "Comments by a building owner or agent to provide context to the building\u2019s energy use.  ", "fieldName": "comments", "position": 42, "renderTypeName": "text", "tableColumnId": 62418302, "cachedContents": {"non_null": 0, "null": 3376}, "format": {}}, {"id": 349768618, "name": "ComplianceStatus", "dataTypeName": "text", "description": "Whether a property has met energy benchmarking requirements for the current reporting year. ", "fieldName": "compliancestatus", "position": 43, "renderTypeName": "text", "tableColumnId": 62418323, "cachedContents": {"largest": "Non-Compliant", "non_null": 3376, "null": 0, "top": [{"item": "Compliant", "count": 20}, {"item": "Error - Correct Default Data", "count": 19}, {"item": "Missing Data", "count": 18}, {"item": "Non-Compliant", "count": 17}], "smallest": "Compliant"}, "format": {}}, {"id": 349768601, "name": "Outlier", "dataTypeName": "text", "description": "Whether a property is a high or low outlier (Y/N)", "fieldName": "outlier", "position": 44, "renderTypeName": "text", "tableColumnId": 62418306, "cachedContents": {"largest": "Low outlier", "non_null": 32, "null": 3344, "top": [{"item": "High outlier", "count": 20}, {"item": "Low outlier", "count": 19}], "smallest": "High outlier"}, "format": {}}, {"id": 349768604, "name": "TotalGHGEmissions", "dataTypeName": "text", "description": "The total amount of greenhouse gas emissions, including carbon dioxide, methane, and nitrous oxide gases released into the atmosphere as a result of energy consumption at the property, measured in metric tons of carbon dioxide equivalent. This calculation uses a GHG emissions factor from Seattle CIty Light's portfolio of generating resources. This uses Seattle City Light's 2015 emissions factor of 52.44 lbs CO2e/MWh until the 2016 factor is available. Enwave steam factor = 170.17 lbs CO2e/MMBtu. Gas factor sourced from EPA Portfolio Manager = 53.11 kg CO2e/MBtu. ", "fieldName": "totalghgemissions", "position": 45, "renderTypeName": "text", "tableColumnId": 62418309, "width": 100, "cachedContents": {"largest": "99.65", "non_null": 3367, "null": 9, "top": [{"item": "20.94", "count": 20}, {"item": "32.17", "count": 19}, {"item": "223.54", "count": 18}, {"item": "22.11", "count": 17}, {"item": "41.27", "count": 16}], "smallest": "0"}, "format": {"displayStyle": "plain", "align": "left"}}, {"id": 349768632, "name": "GHGEmissionsIntensity", "dataTypeName": "text", "description": "Total Greenhouse Gas Emissions divided by property's gross floor area, measured in kilograms of carbon dioxide equivalent per square foot. This calculation uses a GHG emissions factor from Seattle City Light's portfolio of generating resources", "fieldName": "ghgemissionsintensity", "position": 46, "renderTypeName": "text", "tableColumnId": 62418337, "cachedContents": {"largest": "9.98", "non_null": 3367, "null": 9, "top": [{"item": "0.17", "count": 20}, {"item": "0.16", "count": 19}, {"item": "0.15", "count": 18}, {"item": "0.2", "count": 17}, {"item": "0.18", "count": 16}, {"item": "0.19", "count": 15}, {"item": "0.14", "count": 14}, {"item": "0.13", "count": 13}, {"item": "0.21", "count": 12}, {"item": "0.42", "count": 11}, {"item": "0.86", "count": 10}, {"item": "1.44", "count": 9}, {"item": "2.9", "count": 8}, {"item": "0.47", "count": 7}, {"item": "0.93", "count": 6}, {"item": "0.33", "count": 5}, {"item": "0.22", "count": 4}, {"item": "2.5", "count": 3}, {"item": "1.92", "count": 2}, {"item": "1.27", "count": 1}], "smallest": "0"}, "format": {}}], "grants": [{"inherited": false, "type": "viewer", "flags": ["public"]}], "license": {"name": "Public Domain"}, "metadata": {"sidebar": {"width": 482}, "custom_fields": {"Department": {"Department": "Office of Sustainability and Environment"}, "Refresh Frequency": {"Frequency": "Annually"}}, "rowIdentifier": 349768636, "rowLabel": "Building", "availableDisplayTypes": ["table", "fatrow", "page"], "renderTypeConfig": {"visible": {"table": true}}}, "owner": {"id": "9yyf-ecsx", "displayName": "Sullivan, Terry", "screenName": "Sullivan, Terry", "type": "interactive", "flags": ["acceptedEula"]}, "query": {}, "rights": ["read"], "tableAuthor": {"id": "9yyf-ecsx", "displayName": "Sullivan, Terry", "screenName": "Sullivan, Terry", "type": "interactive", "flags": ["acceptedEula"]}, "tags": ["building", "eui", "energy", "steam", "electricity", "greenhouse gas", "emissions", "benchmarking", "natural gas"], "flags": ["default", "ownerMayBeContacted", "restorable", "restorePossibleForType"]}